#Background,Cal_Factor
0,0
0,0
0,0
6.852006e-09,9.62
0,0
6.852006e-09,9.76
0,0
6.852006e-09,10.06
