,"(m,c)_40KV",chisq_40KV
0,0.2937017092030167,5.153338100248569
1,-0.07174438076478709,5.153338100248569
