,"(m,c)_30KV",chisq_30KV
0,0.24542114418021807,2.079356620573969
1,-0.03027186851987152,2.079356620573969
