,"(m,c)_40KV",chisq_40KV
0,0.08225812034453973,0.012662516322706407
1,0.05703213295766267,0.012662516322706407
