,"(m,c)_30KV",chisq_30KV
0,0.06118162246768241,0.009884233837926311
1,0.05207227900494462,0.009884233837926311
