,"(m,c)_40KV",chisq_40KV
0,0.04157747756188759,0.009821758313333814
1,0.0521172416018001,0.009821758313333814
