,"(m,c)_30KV",chisq_30KV
0,0.030069132463739934,0.016099534747184275
1,0.054973730037141656,0.016099534747184275
