,"(m,c)_30KV",chisq_30KV
0,0.11791379629820509,0.743166583876757
1,0.06373193132400336,0.743166583876757
