,"(m,c)_40KV",chisq_40KV
0,0.1458002852755489,0.9063396489442661
1,0.04779925721043631,0.9063396489442661
