,"(m,c)_40KV",chisq_40KV
0,0.06356574502566316,0.1563430866451777
1,0.02729676731481621,0.1563430866451777
