,"(m,c)_30KV",chisq_30KV
0,0.045356183043277244,0.010157983829032524
1,0.05022600929899793,0.010157983829032524
