,"(m,c)_30KV",chisq_30KV
0,0.18325950568883534,1.3775918892650998
1,-0.0022805309208920837,1.3775918892650998
