,"(m,c)_40KV",chisq_40KV
0,0.21744773534857922,1.4675781057116484
1,0.03417941438902295,1.4675781057116484
